全国地方公共団体コード,ID,地方公共団体名,名称,名称_カナ,名称_英字,名称_通称,POIコード,外部識別子,外部識別子の値,所在地_全国地方公共団体コード,町字ID,所在地_連結表記,所在地_都道府県,所在地_市区町村,所在地_町字,所在地_番地以下,建物名等(方書),緯度,経度,高度の種別,高度の値,電話番号,内線番号,連絡先メールアドレス,連絡先FormURL,連絡先備考（その他、SNSなど）,郵便番号,法人番号,団体名,利用可能曜日,開始時間,終了時間,利用可能時間特記事項,説明,車椅子可,車椅子貸出,ツエ貸出,バリアフリートイレ,スロープ、エレベータ、エスカレータ,点字ブロック等の移動支援,点字や読上による支援,盲導犬・介助犬、聴導犬同伴,字幕,筆談対応,優先駐車場,オストメイト対応トイレ,授乳室,おむつ替えコーナー,飲食可否,ベビーカー貸出,ベビーカー利用,URL,画像,画像_ライセンス,備考
352080,1200001,山口県岩国市,岩国市役所,イワクニシヤクショ,,,,,,352080,,山口県岩国市今津町1-14-51,山口県,岩国市今津町1-14-51,,,,34.166571,132.218901,,,0827-29-5000,,,,,,1.00002E+12,岩国市,月火水木金,8:30:00,17:15:00,祝日及び12/29から1/3は利用不可。,,,,,,,,,,,,,,,,,,,http://www.city.iwakuni.lg.jp,,,車椅子段差対応、障がい者用駐車場有り、スロープ有り、エレベーターあり、多目的トイレ有り、車椅子貸出有り
352080,1200002,山口県岩国市,岩国市役所麻里布分室,イワクニシヤクショマリフブンシツ,,,,,,352080,,山口県岩国市麻里布町6-14-25,山口県,岩国市麻里布町6-14-25,,,,34.168769,132.218485,,,0827-22-0122,,,,,,1.00002E+12,岩国市,火水木金土日,8:30:00,17:15:00,月曜日が祝日の場合は翌日が休館日。祝日及び12/29から1/3は利用不可。,,,,,,,,,,,,,,,,,,,,,,車椅子貸出有り
352080,1200003,山口県岩国市,愛宕出張所,アタゴシュッチョウショ,,,,,,352080,,山口県岩国市門前町2-35-2,山口県,岩国市門前町2-35-2,,,,34.145912,132.21229,,,0827-32-6130,,,,,,1.00002E+12,岩国市,月火水木金,8:30:00,17:15:00,土曜日、日曜日、祝日及び12/29から1/3は利用不可。,,,,,,,,,,,,,,,,,,,,,,スロープあり、車イス対応トイレあり、車イス使用者用駐車場あり
352080,1200004,山口県岩国市,岩国出張所,イワクニシュッチョウショ,,,,,,352080,,山口県岩国市岩国3-14-26,山口県,岩国市岩国3-14-26,,,,34.162652,132.185669,,,0827-41-0111,,,,,,1.00002E+12,岩国市,月火水木金,8:30:00,17:15:00,土曜日、日曜日、祝日及び12/29から1/3は利用不可。,,,,,,,,,,,,,,,,,,,,,,出入り口が平坦、スロープあり、点字ブロックあり、車イス対応トイレあり、車イス使用者用駐車場あり
352080,1200005,山口県岩国市,御庄出張所,ミショウシュッチョウショ,,,,,,352080,,山口県岩国市御庄1735,山口県,岩国市御庄1735,,,,34.161888,132.146503,,,0827-46-0001,,,,,,1.00002E+12,岩国市,月火水木金,8:30:00,17:15:00,土曜日、日曜日、祝日及び12/29から1/3は利用不可。,,,,,,,,,,,,,,,,,,,,,,
352080,1200006,山口県岩国市,師木野出張所,シギノシュッチョウショ,,,,,,352080,,山口県岩国市柱野831-1,山口県,岩国市柱野831-1,,,,34.135201,132.148749,,,0827-46-1001,,,,,,1.00002E+12,岩国市,月火水木金,8:30:00,17:15:00,土曜日、日曜日、祝日及び12/29から1/3は利用不可。,,,,,,,,,,,,,,,,,,,,,,スロープあり、車イス対応トイレあり
352080,1200007,山口県岩国市,小瀬出張所,オゼシュッチョウショ,,,,,,352080,,山口県岩国市小瀬285-2,山口県,岩国市小瀬285-2,,,,34.208416,132.192434,,,0827-52-3312,,,,,,1.00002E+12,岩国市,月火水木金,8:30:00,17:15:00,土曜日、日曜日、祝日及び12/29から1/3は利用不可。,,,,,,,,,,,,,,,,,,,,,,スロープあり、車イス対応トイレあり
352080,1200008,山口県岩国市,川下出張所,カワシモシュッチョウショ,,,,,,352080,,山口県岩国市中津町2-1-3,山口県,岩国市中津町2-1-3,,,,34.156147,132.216608,,,0827-23-0641,,,,,,1.00002E+12,岩国市,月火水木金,8:30:00,17:15:00,土曜日、日曜日、祝日及び12/29から1/3は利用不可。,,,,,,,,,,,,,,,,,,,,,,スロープあり、車イス対応トイレあり、車イス使用者用駐車場あり
352080,1200009,山口県岩国市,装港出張所,ショウコウシュッチョウショ,,,,,,352080,,山口県岩国市装束町1-1-43,山口県,岩国市装束町1-1-43,,,,34.193063,132.230059,,,0827-23-6032,,,,,,1.00002E+12,岩国市,月火水木金,8:30:00,17:15:00,土曜日、日曜日、祝日及び12/29から1/3は利用不可。,,,,,,,,,,,,,,,,,,,,,,スロープあり
352080,1200010,山口県岩国市,柱島出張所,ハシラジマシュッチョウショ,,,,,,352080,,山口県岩国市柱島132-7,山口県,岩国市柱島132-7,,,,34.021948,132.421408,,,0827-48-2001,,,,,,1.00002E+12,岩国市,月火水木金,8:30:00,17:15:00,土曜日、日曜日、祝日及び12/29から1/3は利用不可。,,,,,,,,,,,,,,,,,,,,,,出入り口が平坦
352080,1200011,山口県岩国市,通津出張所,ツヅシュッチョウショ,,,,,,352080,,山口県岩国市通津2571-5,山口県,岩国市通津2571-5,,,,34.071553,132.207221,,,0827-38-1001,,,,,,1.00002E+12,岩国市,月火水木金,8:30:00,17:15:00,土曜日、日曜日、祝日及び12/29から1/3は利用不可。,,,,,,,,,,,,,,,,,,,,,,スロープあり、車イス対応トイレあり
352080,1200012,山口県岩国市,藤河出張所,フジカワシュッチョウショ,,,,,,352080,,山口県岩国市多田2-117-1,山口県,岩国市多田2-117-1,,,,34.18064,132.166967,,,0827-41-0037,,,,,,1.00002E+12,岩国市,月火水木金,8:30:00,17:15:00,土曜日、日曜日、祝日及び12/29から1/3は利用不可。,,,,,,,,,,,,,,,,,,,,,,出入り口が平坦、スロープあり、車イス使用者用駐車場あり、車イス対応トイレあり、点字ブロックあり
352080,1200013,山口県岩国市,灘出張所,ナダシュッチョウショ,,,,,,352080,,山口県岩国市藤生町1-10-14,山口県,岩国市藤生町1-10-14,,,,34.114896,132.199664,,,0827-31-8707,,,,,,1.00002E+12,岩国市,月火水木金,8:30:00,17:15:00,土曜日、日曜日、祝日及び12/29から1/3は利用不可。,,,,,,,,,,,,,,,,,,,,,,スロープあり、車イス使用者用駐車場あり、車イス対応トイレあり
352080,1200014,山口県岩国市,南河内出張所,ミナミゴウチシュッチョウショ,,,,,,352080,,山口県岩国市土生39-3,山口県,岩国市土生39-3,,,,34.15213,132.103403,,,0827-47-2001,,,,,,1.00002E+12,岩国市,月火水木金,8:30:00,17:15:00,土曜日、日曜日、祝日及び12/29から1/3は利用不可。,,,,,,,,,,,,,,,,,,,,,,出入り口が平坦
352080,1200015,山口県岩国市,平田出張所,ヒラタシュッチョウショ,,,,,,352080,,山口県岩国市平田3-22-18,山口県,岩国市平田3-22-18,,,,34.142382,132.186398,,,0827-31-2514,,,,,,1.00002E+12,岩国市,月火水木金,8:30:00,17:15:00,土曜日、日曜日、祝日及び12/29から1/3は利用不可。,,,,,,,,,,,,,,,,,,,,,,スロープあり
352080,1200016,山口県岩国市,北河内出張所,キタゴウチシュッチョウショ,,,,,,352080,,山口県岩国市下446-2,山口県,岩国市下446-2,,,,34.162925,132.090648,,,0827-47-3001,,,,,,1.00002E+12,岩国市,月火水木金,8:30:00,17:15:00,土曜日、日曜日、祝日及び12/29から1/3は利用不可。,,,,,,,,,,,,,,,,,,,,,,出入り口が平坦、スロープあり、車イス対応トイレあり
352080,1200017,山口県岩国市,由宇総合支所,ユウソウゴウシショ,,,,,,352080,,山口県岩国市由宇町中央1-1-10,山口県,岩国市由宇町中央1-1-10,,,,34.046855,132.212042,,,0827-63-1111,,,,,,1.00002E+12,岩国市,月火水木金,8:30:00,17:15:00,祝日及び12/29から1/3は利用不可。,,,,,,,,,,,,,,,,,,,,,,
352080,1200018,山口県岩国市,玖珂支所,クガシショ,,,,,,352080,,山口県岩国市玖珂町4933-2,山口県,岩国市玖珂町4933-2,,,,34.091368,132.083617,,,0827-82-2511,,,,,,1.00002E+12,岩国市,月火水木金,8:30:00,17:15:00,祝日及び12/29から1/3は利用不可。,,,,,,,,,,,,,,,,,,,,,,スロープあり、車イス対応トイレあり、車イス使用者用駐車場あり
352080,1200019,山口県岩国市,周東総合支所,シュウトウソウゴウシショ,,,,,,352080,,山口県岩国市周東町下久原1208-1,山口県,岩国市周東町下久原1208-1,,,,34.093171,132.051797,,,0827-84-1111,,,,,,1.00002E+12,岩国市,月火水木金,8:30:00,17:15:00,祝日及び12/29から1/3は利用不可。,,,,,,,,,,,,,,,,,,,,,,出入り口が平坦、車イス対応トイレあり、車イス使用者用駐車場あり
352080,1200020,山口県岩国市,錦総合支所,ニシキソウゴウシショ,,,,,,352080,,山口県岩国市錦町広瀬12-8,山口県,岩国市錦町広瀬12-8,,,,34.262791,131.959665,,,0827-72-2111,,,,,,1.00002E+12,岩国市,月火水木金,8:30:00,17:15:00,祝日及び12/29から1/3は利用不可。,,,,,,,,,,,,,,,,,,,,,,
352080,1200021,山口県岩国市,根笠出張所,ネカサシュッチョウショ,,,,,,352080,,山口県岩国市美川町根笠598-1,山口県,岩国市美川町根笠598-1,,,,34.198301,131.993763,,,0827-77-0211,,,,,,1.00002E+12,岩国市,月火水木金,8:30:00,17:15:00,土曜日、日曜日、祝日及び12/29から1/3は利用不可。,,,,,,,,,,,,,,,,,,,,,,スロープあり
352080,1200022,山口県岩国市,南桑出張所,ナグワシュッチョウショ,,,,,,352080,,山口県岩国市美川町南桑2420-1,山口県,岩国市美川町南桑2420-1,,,,34.209778,132.022695,,,0827-77-0001,,,,,,1.00002E+12,岩国市,月火水木金,8:30:00,17:15:00,土曜日、日曜日、祝日及び12/29から1/3は利用不可。,,,,,,,,,,,,,,,,,,,,,,出入り口が平坦、点字ブロックあり
352080,1200023,山口県岩国市,美和総合支所,ミワソウゴウシショ,,,,,,352080,,山口県岩国市美和町生見12126,山口県,岩国市美和町生見12126,,,,34.224183,132.078227,,,0827-96-1111,,,,,,1.00002E+12,岩国市,月火水木金,8:30:00,17:15:00,祝日及び12/29から1/3は利用不可。,,,,,,,,,,,,,,,,,,,,,,
352080,1200024,山口県岩国市,本郷支所,ホンゴウシショ,,,,,,352080,,山口県岩国市本郷町本郷2082-1,山口県,岩国市本郷町本郷2082-1,,,,34.293934,132.040888,,,0827-75-2311,,,,,,1.00002E+12,岩国市,月火水木金,8:30:00,17:15:00,祝日及び12/29から1/3は利用不可。,,,,,,,,,,,,,,,,,,,,,,障がい者用駐車場有り、多目的トイレ有り、車椅子貸出有り
352080,1200025,山口県岩国市,高根出張所,タカネシュッチョウショ,,,,,,352080,,山口県岩国市錦町宇佐郷1046-1,山口県,岩国市錦町宇佐郷1046-1,,,,34.376082,132.022799,,,0827-74-0001,,,,,,1.00002E+12,岩国市,月火水木金,8:30:00,17:15:00,祝日及び12/29から1/3は利用不可。,,,,,,,,,,,,,,,,,,,,,,出入り口が平坦
352080,1200026,山口県岩国市,深須出張所,フカスシュッチョウショ,,,,,,352080,,山口県岩国市錦町深川2770,山口県,岩国市錦町深川2770,,,,34.315701,131.991271,,,0827-73-0001,,,,,,1.00002E+12,岩国市,月火水木金,8:30:00,17:15:00,祝日及び12/29から1/3は利用不可。,,,,,,,,,,,,,,,,,,,,,,出入り口にスロープあり
352080,1200027,山口県岩国市,美川支所,ミカワシショ,,,,,,352080,,山口県岩国市美川町四馬神1057,山口県,岩国市美川町四馬神1057,,,,34.241945,131.986294,,,0827-76-0329,,,,,,1.00002E+12,岩国市,月火水木金,8:30:00,17:15:00,祝日及び12/29から1/3は利用不可。,,,,,,,,,,,,,,,,,,,,,,
352080,1200029,山口県岩国市,本郷福祉サービスセンター,ホンゴウフクシサービスセンター,,,,,,352080,,山口県岩国市本郷町本郷2094,山口県,岩国市本郷町本郷2094,,,,34.294129,132.039553,,,0827-75-2355,,,,,,1.00002E+12,岩国市,月火水木金,8:30:00,17:15:00,祝日及び12/29から1/3は利用不可。,,,,,,,,,,,,,,,,,,,,,,
352080,1200030,山口県岩国市,由宇保健センター,ユウホケンセンター,,,,,,352080,,山口県岩国市由宇町中央1-10-11,山口県,岩国市由宇町中央1-10-11,,,,34.04576,132.210999,,,0827-63-3111,,,,,,1.00002E+12,岩国市,月火水木金,8:30:00,17:15:00,祝日及び12/29から1/3は利用不可。土日祝も行事のある際はその行事のために開館有。,,,,,,,,,,,,,,,,,,,,,,車椅子段差対応、スロープ、多目的トイレ
352080,1200031,山口県岩国市,錦保健センター,ニシキホケンセンター,,,,,,352080,,山口県岩国市錦町広瀬1067-1,山口県,岩国市錦町広瀬1067-1,,,,34.262701,131.955126,,,0827-72-3111,,,,,,1.00002E+12,岩国市,月火水木金,8:30:00,17:15:00,祝日及び12/29から1/3は利用不可。行事等のあるときのみ開館。,,,,,,,,,,,,,,,,,,,,,,車椅子段差対応、スロープ、多目的トイレ
352080,1200032,山口県岩国市,玖珂保健センター,クガホケンセンター,,,,,,352080,,山口県岩国市玖珂町4933-2,山口県,岩国市玖珂町4933-2,,,,34.091368,132.083617,,,0827-82-2020,,,,,,1.00002E+12,岩国市,月火水木金,8:30:00,17:15:00,祝日及び12/29から1/3は利用不可。土日祝も行事のある際はその行事のために開館有。,,,,,,,,,,,,,,,,,,,,,,スロープあり、車イス対応トイレあり、車イス使用者用駐車場あり
352080,1200033,山口県岩国市,周東保健センター,シュウトウホケンセンター,,,,,,352080,,山口県岩国市周東町下久原1208-1,山口県,岩国市周東町下久原1208-1,,,,34.093171,132.051797,,,0827-84-3580,,,,,,1.00002E+12,岩国市,月火水木金,8:30:00,17:15:00,祝日及び12/29から1/3は利用不可。土日祝も行事のある際はその行事のために開館有。,,,,,,,,,,,,,,,,,,,,,,出入り口が平坦、車イス対応トイレあり、車イス使用者用駐車場あり
352080,1200034,山口県岩国市,美川保健センター,ミカワホケンセンター,,,,,,352080,,山口県岩国市美川町四馬神1057,山口県,岩国市美川町四馬神1057,,,,34.242067,131.986215,,,0827-76-0220,,,,,,1.00002E+12,岩国市,月火水木金,8:30:00,17:15:00,祝日及び12/29から1/3は利用不可。土日祝も行事のある際はその行事のために開館有。,,,,,,,,,,,,,,,,,,,,,,車椅子段差対応、スロープ、障がい者用駐車場、多目的トイレ
352080,1200035,山口県岩国市,美和保健センター,ミワホケンセンター,,,,,,352080,,山口県岩国市美和町生見12128,山口県,岩国市美和町生見12128,,,,34.224094,132.078653,,,0827-96-1706,,,,,,1.00002E+12,岩国市,月火水木金,8:30:00,17:15:00,祝日及び12/29から1/3は利用不可。行事等のあるときのみ開館。,,,,,,,,,,,,,,,,,,,,,,車椅子段差対応、スロープ、障がい者用駐車場、多目的トイレ
352080,1200036,山口県岩国市,岩国市保健センター,イワクニシホケンセンター,,,,,,352080,,山口県岩国市室の木町3-1-11,山口県,岩国市室の木町3-1-11,,,,34.172019,132.209457,,,0827-24-3751,,,,,,1.00002E+12,岩国市,月火水木金,8:30:00,17:15:00,祝日及び12/29から1/3は利用不可。土日祝も行事のある際はその行事のために開館有。,,,,,,,,,,,,,,,,,,,,,,車椅子段差対応、スロープ、多目的トイレ
352080,1200037,山口県岩国市,本郷保健センター,ホンゴウホケンセンター,,,,,,352080,,山口県岩国市本郷町本郷2100-1,山口県,岩国市本郷町本郷2100-1,,,,34.294373,132.040448,,,0827-75-2350,,,,,,1.00002E+12,岩国市,月火水木金,8:30:00,17:15:00,祝日及び12/29から1/3は利用不可。行事等のあるときのみ開館。,,,,,,,,,,,,,,,,,,,,,,車椅子段差対応、スロープ、多目的トイレ
352080,1200038,山口県岩国市,玖珂総合公園,クガソウゴウコウエン,,,,,,352080,,山口県岩国市玖珂町3800-1,山口県,岩国市玖珂町3800-1,,,,34.078221,132.099652,,,0827-81-0350,,,,,,1.00002E+12,岩国市,月火水木金土日,9:00:00,21:00:00,12/29から1/3が利用不可。※5月～9月は早朝グラウンド･ゴルフ利用対応の為、7時から開園。,,,,,,,,,,,,,,,,,,,,,,障害者用駐車場有り、スロープ有り、多目的トイレ有り
352080,1200039,山口県岩国市,岩国徴古館,イワクニチョウコカン,,,,,,352080,,山口県岩国市横山2-358-2,山口県,岩国市横山2-358-2,,,,34.170967,132.17714,,,0827-41-0452,,,,,,1.00002E+12,岩国市,火水木金土日,9:00:00,17:00:00,月曜日が祝日の場合は翌日が休館日。展示替え期間及び12/29から1/3は利用不可。,,,,,,,,,,,,,,,,,,,http://www.city.iwakuni.lg.jp/site/chokokan/,,,車椅子貸し出し有り
352080,1200040,山口県岩国市,岩国学校教育資料館,イワクニガッコウキョウイクシリョウカン,,,,,,352080,,山口県岩国市岩国3-3434-2,山口県,岩国市岩国3-3434-2,,,,34.164134,132.184064,,,0827-41-0540,,,,,,1.00002E+12,岩国市,火水木金土日,9:00:00,17:00:00,月曜日が祝日の場合は翌日が休館日。12/29から1/3が利用不可。,,,,,,,,,,,,,,,,,,,,,,
352080,1200041,山口県岩国市,岩国図書館臨時窓口（岩国西郵便局内）,イワクニトショカンリンジマドグチ（イワクニニシユウビンキョクナイ）,,,,,,352080,,山口県岩国市岩国2-17-17,山口県,岩国市岩国2-17-17,,,,34.164411,132.183712,,,0827-41-0880,,,,,,1.00002E+12,岩国市,月火水木金,9:30:00,17:00:00,土日祝日及び12/29から1/4,,,,,,,,,,,,,,,,,,,https://www.library.iwakuni.yamaguchi.jp/library/iwakuni,,,車椅子段差対応
352080,1200042,山口県岩国市,周東図書館,シュウトウトショカン,,,,,,352080,,山口県岩国市周東町下久原1201-1,山口県,岩国市周東町下久原1201-1,,,,34.092005,132.051921,,,0827-84-1765,,,,,,1.00002E+12,岩国市,火水木金土日,9:30:00,17:00:00,祝日及び12/29から1/4、特別整理休館、第三木曜日（7月・8月を除く）が利用不可。,,,,,,,,,,,,,,,,,,,https://www.library.iwakuni.yamaguchi.jp/library/shutou,,,車椅子段差対応、障がい者用駐車場有り、スロープ有り、多目的トイレ有り、車椅子貸出有り
352080,1200043,山口県岩国市,中央図書館,チュウオウトショカン,,,,,,352080,,山口県岩国市南岩国町4-52-1,山口県,岩国市南岩国町4-52-1,,,,34.134186,132.195347,,,0827-31-5048,,,,,,1.00002E+12,岩国市,火水木金土日,10:00:00,19:00:00,土曜日・日曜日の開館時間は9:30から17:00まで。祝日及び12/29から1/4、特別整理休館、第三木曜日（7月・8月を除く）が利用不可。,,,,,,,,,,,,,,,,,,,https://www.library.iwakuni.yamaguchi.jp/library/chuou,,,車椅子段差対応、障がい者用駐車場有り、スロープ有り、エレベータ-有り、多目的トイレ有り、車椅子貸出有り
352080,1200044,山口県岩国市,中央図書館麻里布分室,チュウオウトショカンマリフブンシツ,,,,,,352080,,山口県岩国市麻里布町7-1-2,山口県,岩国市麻里布町7-1-2,,,,34.171415,132.219224,,,0827-22-5845,,,,,,1.00002E+12,岩国市,火水木金土日,9:30:00,17:00:00,祝日及び12/29から1/4、特別整理休館、第三木曜日（7月・8月を除く）が利用不可。,,,,,,,,,,,,,,,,,,,https://www.library.iwakuni.yamaguchi.jp/library/marifu,,,車椅子段差対応、障がい者用駐車場有り、スロープ有り、エレベータ-有り、多目的トイレ有り、車椅子貸出有り
352080,1200045,山口県岩国市,由宇図書館,ユウトショカン,,,,,,352080,,山口県岩国市由宇町中央1-1-15,山口県,岩国市由宇町中央1-1-15,,,,34.046702,132.211677,,,0827-63-5117,,,,,,1.00002E+12,岩国市,火水木金土日,9:30:00,17:00:00,祝日及び12/29から1/4、特別整理休館、第三木曜日（7月・8月を除く）が利用不可。,,,,,,,,,,,,,,,,,,,https://www.library.iwakuni.yamaguchi.jp/library/yuu,,,車椅子段差対応、障がい者用駐車場有り、スロープ有り、多目的トイレ有り、車椅子貸出有り
352080,1200046,山口県岩国市,玖珂図書館,クガトショカン,,,,,,352080,,山口県岩国市玖珂町4933-2,山口県,岩国市玖珂町4933-2,,,,34.091368,132.083617,,,0827-82-4444,,,,,,1.00002E+12,岩国市,火水木金土日,9:30:00,17:00:00,祝日及び12/29から1/4、特別整理休館、第三木曜日（7月・8月を除く）が利用不可。,,,,,,,,,,,,,,,,,,,,,,スロープあり、車イス対応トイレあり、車イス使用者用駐車場あり
352080,1200047,山口県岩国市,美和図書館,ミワトショカン,,,,,,352080,,山口県岩国市美和町渋前1751,山口県,岩国市美和町渋前1751,,,,34.221847,132.0871,,,0827-95-0005,,,,,,1.00002E+12,岩国市,火水木金土日,9:30:00,17:00:00,祝日及び12/29から1/4、特別整理休館、第三木曜日（7月・8月を除く）が利用不可。,,,,,,,,,,,,,,,,,,,https://www.library.iwakuni.yamaguchi.jp/library/miwa,,,車椅子段差対応、障がい者用駐車場有り、スロープ有り、エレベータ-有り、多目的トイレ有り、車椅子貸出有り
352080,1200048,山口県岩国市,玖珂体育センター,クガタイイクセンター,,,,,,352080,,山口県岩国市玖珂町6316-1,山口県,岩国市玖珂町6316-1,,,,34.096924,132.076719,,,0827-82-6600,,,,,,1.00002E+12,岩国市,火水木金土日,9:00:00,22:00:00,月曜日が祝日の場合は翌日及び12/29から1/3が利用不可。,,,,,,,,,,,,,,,,,,,https://kuga-taiku.com/aiai/,,,障がい者用トイレ有り（１階のみ）
352080,1200049,山口県岩国市,本郷歴史民俗資料館,ホンゴウレキシミンゾクシリョウカン,,,,,,352080,,山口県岩国市本郷町本郷1526,山口県,岩国市本郷町本郷1526,,,,34.295496,132.038322,,,,,,,,,1.00002E+12,岩国市,月火水木金土,9:00:00,16:00:00,日曜日、祝日及び12/28から1/5は利用不可。,,,,,,,,,,,,,,,,,,,,,,
352080,1200050,山口県岩国市,周東祖生グラウンド,シュウトウソオグラウンド,,,,,,352080,,山口県岩国市周東町祖生4529-1,山口県,岩国市周東町祖生4529-1,,,,34.072597,132.116178,,,,,,,,,1.00002E+12,岩国市,月火水木金土日,9:00:00,22:00:00,12/29から1/3は利用不可。,,,,,,,,,,,,,,,,,,,,,,
352080,1200051,山口県岩国市,周東中央グラウンド,シュウトウチュウオウグラウンド,,,,,,352080,,山口県岩国市周東町下久原1152-2,山口県,岩国市周東町下久原1152-2,,,,34.090152,132.053729,,,,,,,,,1.00002E+12,岩国市,月火水木金土日,9:00:00,22:00:00,12/29から1/3は利用不可。,,,,,,,,,,,,,,,,,,,,,,
352080,1200052,山口県岩国市,周東中田グラウンド,シュウトウナカタグラウンド,,,,,,352080,,山口県岩国市周東町中山2,山口県,岩国市周東町中山2,,,,34.029272,132.052903,,,,,,,,,1.00002E+12,岩国市,月火水木金土日,9:00:00,22:00:00,12/29から1/3は利用不可。,,,,,,,,,,,,,,,,,,,,,,
352080,1200053,山口県岩国市,錦図書館,ニシキトショカン,,,,,,352080,,山口県岩国市錦町広瀬6487-4,山口県,岩国市錦町広瀬6487-4,,,,34.263744,131.955296,,,0827-72-2246,,,,,,1.00002E+12,岩国市,月火水木金土,9:30:00,17:00:00,祝日及び12/29から1/4、特別整理休館、第三木曜日（7月・8月を除く）は利用不可。,,,,,,,,,,,,,,,,,,,https://www.library.iwakuni.yamaguchi.jp/library/nishiki,,,障がい者用トイレ有り（１階のみ）
352080,1200054,山口県岩国市,錦深川屋内多目的広場（全天候型ゲートボール場）,ニシキフカガワオクナイタモクテキヒロバ,,,,,,352080,,山口県岩国市錦町深川697-3,山口県,岩国市錦町深川697-3,,,,34.305785,131.975249,,,,,,,,,1.00002E+12,岩国市,月火水木金土日,9:00:00,22:00:00,,,,,,,,,,,,,,,,,,,,,,,
352080,1200055,山口県岩国市,錦上須川運動広場,ニシキカミスガワウンドウヒロバ,,,,,,352080,,山口県岩国市錦町須川4108-2,山口県,岩国市錦町須川4108-2,,,,34.347096,132.000123,,,,,,,,,1.00002E+12,岩国市,月火水木金土日,9:00:00,22:00:00,,,,,,,,,,,,,,,,,,,,,,,
352080,1200056,山口県岩国市,美川グラウンド,ミカワグラウンド,,,,,,352080,,山口県岩国市美川町小川403,山口県,岩国市美川町小川403,,,,34.243989,132.003279,,,,,,,,,1.00002E+12,岩国市,月火水木金土日,9:00:00,22:00:00,,,,,,,,,,,,,,,,,,,,,,,
352080,1200057,山口県岩国市,美川コミュニティひろば,ミカワコミュニティヒロバ,,,,,,352080,,山口県岩国市美川町四馬神2425-1,山口県,岩国市美川町四馬神2425-1,,,,34.242182,131.985473,,,,,,,,,1.00002E+12,岩国市,月火水木金土日,8:30:00,17:00:00,,,,,,,,,,,,,,,,,,,,,,,
352080,1200058,山口県岩国市,美川根笠運動広場,ミカワネカサウンドウヒロバ,,,,,,352080,,山口県岩国市美川町根笠579-1,山口県,岩国市美川町根笠579-1,,,,34.198001,131.994005,,,,,,,,,1.00002E+12,岩国市,月火水木金土日,9:00:00,22:00:00,,,,,,,,,,,,,,,,,,,,,,,
352080,1200059,山口県岩国市,美川体育館,ミカワタイイクカン,,,,,,352080,,山口県岩国市美川町四馬神1309,山口県,岩国市美川町四馬神1309,,,,34.236675,131.986393,,,,,,,,,1.00002E+12,岩国市,月火水木金土日,9:00:00,22:00:00,,,,,,,,,,,,,,,,,,,,,,,
352080,1200060,山口県岩国市,美和総合グラウンド,ミワソウゴウグラウンド,,,,,,352080,,山口県岩国市美和町生見12116,山口県,岩国市美和町生見12116,,,,34.224182,132.078228,,,,,,,,,1.00002E+12,岩国市,月火水木金土日,9:00:00,22:00:00,,,,,,,,,,,,,,,,,,,,,,,
352080,1200061,山口県岩国市,周東南福祉会館（周東南総合センター）,シュウトウミナミフクシカイカン,,,,,,352080,,山口県岩国市周東町上久原1075-2,山口県,岩国市周東町上久原1075-2,,,,34.078398,132.064816,,,0827-84-0213,,,,,,1.00002E+12,岩国市,月火水木金土日,8:30:00,22:00:00,12/29から1/3は利用不可。,,,,,,,,,,,,,,,,,,,,,,車椅子段差対応、障がい者用駐車場あり、多目的トイレあり、車椅子貸出あり
352080,1200062,山口県岩国市,由宇グラウンド,ユウグラウンド,,,,,,352080,,山口県岩国市由宇町中央2-19,山口県,岩国市由宇町中央2-19,,,,34.044206,132.207115,,,0827-63-1400,,,,,,1.00002E+12,岩国市,火水木金土日,9:00:00,21:00:00,12/29から1/3は利用不可。,,,,,,,,,,,,,,,,,,,http://www.yu-sc.jp,,,車椅子段差対応、障がい者用駐車場有り、スロープ有り、多目的トイレ有り、車椅子貸出有り
352080,1200063,山口県岩国市,玖珂グラウンド,クガグラウンド,,,,,,352080,,山口県岩国市玖珂町6316-1,山口県,岩国市玖珂町6316-1,,,,34.096924,132.076719,,,,,,,,,1.00002E+12,岩国市,火水木金土日,9:00:00,21:30:00,月曜日が祝日の場合は翌日及び12/29から1/3が利用不可。,,,,,,,,,,,,,,,,,,,https://kuga-taiku.com/park/,,,障害者用駐車場有り、多目的トイレ有り
352080,1200064,山口県岩国市,川下旭運動広場,カワシモアサヒウンドウヒロバ,,,,,,352080,,山口県岩国市旭町3-2216-1,山口県,岩国市旭町3-2216-1,,,,34.160542,132.235796,,,0827-32-7411,,,,,,1.00002E+12,岩国市,月火水木金土日,9:00:00,,12/29から1/3は利用不可。,,,,,,,,,,,,,,,,,,,,,,障害者用駐車場有り、多目的トイレ有り
352080,1200065,山口県岩国市,由宇歴史民俗資料館,ユウレキシミンゾクシリョウカン,,歴民,,,,352080,,山口県岩国市由宇町神東614-10,山口県,岩国市由宇町神東614-10,,,,34.018121,132.217549,,,0827-63-1515,,,,,,1.00002E+12,岩国市,火水金土日,9:00:00,16:30:00,月・木曜日が祝日または振替日に当たるときは翌日が利用不可。12/29から1/3は利用不可。,,,,,,,,,,,,,,,,,,,,,,障がい者用駐車場有り、スロープ有り、多目的トイレ有り
352080,1200066,山口県岩国市,周東文化会館,シュウトウブンカカイカン,,パストラルホール,,,,352080,,山口県岩国市周東町用田10137-8,山口県,岩国市周東町用田10137-8,,,,34.080247,132.048497,,,0827-84-1400,,,,,,1.00002E+12,岩国市,火水木金土日,8:30:00,17:00:00,12/29から1/3は利用不可。開館時間は午後10時まで延長することができる。,,,,,,,,,,,,,,,,,,,http://www.pastoralhall.org/,,,身障者用駐車場、多目的トイレ
352080,1200067,山口県岩国市,周東米川グラウンド,シュウトウヨネガワグラウンド,,,,,,352080,,山口県岩国市周東町下須通425-1,山口県,岩国市周東町下須通425-1,,,,34.091963,132.011812,,,,,,,,,1.00002E+12,岩国市,月火水木金土日,9:00:00,22:00:00,12/29から1/3は利用不可。,,,,,,,,,,,,,,,,,,,,,,
352080,1200068,山口県岩国市,周東用田グラウンド,シュウトウヨウダグラウンド,,,,,,352080,,山口県岩国市周東町用田10190-2,山口県,岩国市周東町用田10190-2,,,,34.079065,132.044658,,,,,,,,,1.00002E+12,岩国市,月火水木金土日,9:00:00,,12/29から1/3は利用不可。終了時間は日没まで。,,,,,,,,,,,,,,,,,,,,,,多目的トイレ有り
352080,1200069,山口県岩国市,いわくに消防防災センター（消防本部・中央消防署）,イワクニショウボウボウサイセンター,,,,,,352080,,山口県岩国市愛宕町1-４-1,山口県,岩国市愛宕町1-４-1,,,,34.145047,132.200235,,,,,,,,,1.00002E+12,岩国市,月火水木金土日,,,,,,,,,,,,,,,,,,,,,,,,,障害者用駐車場、車椅子対応エレベーター、多目的トイレ
352080,1200070,山口県岩国市,米川出張所,ヨネガワシュッチョウショ,,,,,,352080,,山口県岩国市周東町下須通378,山口県,岩国市周東町下須通378,,,,34.091201,132.012701,,,0827-84-0002,,,,,,1.00002E+12,岩国市,月火水木金,8:30:00,17:15:00,土曜日、日曜日、祝日及び12/29から1/3は利用不可。,,,,,,,,,,,,,,,,,,,,,,スロープあり
352080,1200071,山口県岩国市,川越出張所,カワゴエシュッチョウショ,,,,,,352080,,山口県岩国市周東町獺越1560-5,山口県,岩国市周東町獺越1560-5,,,,34.130838,131.99157,,,0827-86-0116,,,,,,1.00002E+12,岩国市,月火水木金,8:30:00,17:15:00,土曜日、日曜日、祝日及び12/29から1/3は利用不可。,,,,,,,,,,,,,,,,,,,,,,スロープあり
352080,1200072,山口県岩国市,祖生出張所,ソオシュッチョウショ,,,,,,352080,,山口県岩国市周東町祖生4541-1,山口県,岩国市周東町祖生4541-1,,,,34.071537,132.116496,,,0827-85-0001,,,,,,1.00002E+12,岩国市,月火水木金,8:30:00,17:15:00,土曜日、日曜日、祝日及び12/29から1/3は利用不可。,,,,,,,,,,,,,,,,,,,,,,スロープあり
352080,1200073,山口県岩国市,岩国市科学センター,イワクニシカガクセンター,,,,,,352080,,山口県岩国市麻里布町6-14-25,山口県,岩国市麻里布町6-14-25,,,,34.168769,132.218485,,,0827-22-0122,,,,,,1.00002E+12,岩国市,火水木金土日,9:00:00,17:00:00,月曜日が祝日の場合は翌日及び12/29から1/3が利用不可。,,,,,,,,,,,,,,,,,,,,,,
352080,1200074,山口県岩国市,福祉会館,フクシカイカン,,,,,,352080,,山口県岩国市麻里布町7-1-2,山口県,岩国市麻里布町7-1-2,,,,34.171415,132.219224,,,0827-22-5877,,,,,,1.00002E+12,岩国市,火水木金土日,9:00:00,22:00:00,祝日は利用不可。月曜日が休日の場合は翌日及び1/2から1/4、12/29から12/31が利用不可。,,,,,,,,,,,,,,,,,,,,,,エレベーターあり、障がい者用駐車場あり、障がい者用トイレあり、車椅子貸出あり、点字ブロックあり
352080,1200075,山口県岩国市,本郷農山村広場,ホンゴウノウサンソンヒロバ,,,,,,352080,,山口県岩国市本郷町本郷1668-1,山口県,岩国市本郷町本郷1668-1,,,,34.289806,132.036998,,,,,,,,,1.00002E+12,岩国市,月火水木金土日,8:00:00,22:00:00,,,,,,,,,,,,,,,,,,,,,,,多目的トイレあり、障がい者用駐車場あり
352080,1200076,山口県岩国市,岩国市民文化会館,イワクニシミンブンカカイカン,,,,,,352080,,山口県岩国市山手町1-15-3,山口県,岩国市山手町1-15-3,,,,34.167307,132.218351,,,0827-24-1221,,,,,,1.00002E+12,岩国市,月火水木金土日,9:00:00,22:00:00,12/29から1/3は利用不可。,,,,,,,,,,,,,,,,,,,http://iwakuni-cityhall.com/,,,エレベーターあり、多目的トイレあり、障がい者用駐車場あり
352080,1200077,山口県岩国市,岩国運動公園,イワクニウンドウコウエン,,,,,,352080,,山口県岩国市平田1-40-1,山口県,岩国市平田1-40-1,,,,34.156403,132.185934,,,0827-32-7411,,,,,,1.00002E+12,岩国市,月火水木金土日,9:00:00,22:00:00,12/29から1/3は利用不可。,,,,,,,,,,,,,,,,,,,https://iwakuni-sportspark.com/,,,障害者用駐車場有り、スロープ有り、エレベーター有り、多目的トイレ有り
352080,1200078,山口県岩国市,市民球場,シミンキュウジョウ,,,,,,352080,,山口県岩国市牛野谷町1-21-6,山口県,岩国市牛野谷町1-21-6,,,,34.154822,132.193615,,,0827-32-7411,,,,,,1.00002E+12,岩国市,月火水木金土日,9:00:00,19:00:00,12/29から1/3は利用不可。,,,,,,,,,,,,,,,,,,,https://iwakuni-sportspark.com/,,,
352080,1200080,山口県岩国市,美和秋中グラウンド,ミワアキナカグラウンド,,,,,,352080,,山口県岩国市美和町秋掛36,山口県,岩国市美和町秋掛36,,,,34.31705,132.09043,,,,,,,,,1.00002E+12,岩国市,月火水木金土日,9:00:00,22:00:00,,,,,,,,,,,,,,,,,,,,,,,
352080,1200081,山口県岩国市,美和町スポーツ広場休憩所,ミワマチスポーツヒロバキュウケイショ,,,,,,352080,,山口県岩国市美和町生見12451-1,山口県,岩国市美和町生見12451-1,,,,34.228074,132.067262,,,,,,,,,1.00002E+12,岩国市,月火水木金土日,9:00:00,,,,,,,,,,,,,,,,,,,,,,,,
352080,1200082,山口県岩国市,美和文化会館,ミワブンカカイカン,,ハーモニーみわ,,,,352080,,山口県岩国市美和町渋前1751,山口県,岩国市美和町渋前1751,,,,34.221847,132.0871,,,0827-95-0005,,,,,,1.00002E+12,岩国市,月火水木金土日,9:00:00,22:00:00,12/25から1/3は利用不可。,,,,,,,,,,,,,,,,,,,,,,車椅子段差対応、障がい者用駐車場有り、スロープ有り、エレベーターあり、多目的トイレ有り、車椅子貸出有り
352080,1200083,山口県岩国市,美和歴史民俗資料館,ミワレキシミンゾクシリョウカン,,,,,,352080,,山口県岩国市美和町渋前1846,山口県,岩国市美和町渋前1846,,,,34.222323,132.078509,,,,,,,,,1.00002E+12,岩国市,月火水木金,9:00:00,17:00:00,祝日及び12/29から1/3は利用不可。,,,,,,,,,,,,,,,,,,,,,,
352080,1200084,山口県岩国市,サン・ビレッジ周東,サン・ビレッジシュウトウ,,,,,,352080,,山口県岩国市周東町用田10169-1,山口県,岩国市周東町用田10169-1,,,,34.079672,132.048032,,,0827-84-1400,,,,,,1.00002E+12,岩国市,火水木金土日,9:00:00,21:30:00,12/29から1/3は利用不可。,,,,,,,,,,,,,,,,,,,https://www.pastoralhall.org/sun_village/,,,管理棟バリアフリー対応
352080,1200085,山口県岩国市,周東体育センター,シュウトウタイイクセンター,,,,,,352080,,山口県岩国市周東町用田10137-8,山口県,岩国市周東町用田10137-8,,,,34.080549,132.049463,,,0827-84-1400,,,,,,1.00002E+12,岩国市,火水木金土日,8:30:00,22:00:00,12/29から1/3は利用不可。,,,,,,,,,,,,,,,,,,,https://www.pastoralhall.org/sun_village/,,,バリアフリー対応
352080,1200086,山口県岩国市,岩国市みすみクリーンセンター,イワクニシミスミクリーンセンター,,,,,,352080,,山口県岩国市三角町3-2-7,山口県,岩国市三角町3-2-7,,,,34.160131,132.244813,,,0827-21-8305,,,,,,1.00002E+12,岩国市,月火水木金,8:30:00,16:30:00,一般搬入不可,,,,,,,,,,,,,,,,,,,https://www.city.iwakuni.lg.jp/soshiki/24/35150.html,,,
352080,1200088,山口県岩国市,岩国市リサイクルプラザ,イワクニシリサイクルプラザ,,,,,,352080,,山口県岩国市平田2-12-30,山口県,岩国市平田2-12-30,,,,34.143937,132.172131,,,0827-32-5303,,,,,,1.00002E+12,岩国市,月火水木金,8:30:00,16:30:00,一部の祝日や12/31から1/3は利用不可。,,,,,,,,,,,,,,,,,,,https://www.city.iwakuni.lg.jp/soshiki/24/35150.html,,,
352080,1200089,山口県岩国市,岩国市日の出町最終処分場,イワクニシヒノデマチサイシュウショブンジョウ,,,,,,352080,,山口県岩国市日の出町2-70,山口県,岩国市日の出町2-70,,,,34.166727,132.24786,,,0827-29-0355,,,,,,1.00002E+12,岩国市,月火水木金,8:30:00,16:30:00,一般搬入不可,,,,,,,,,,,,,,,,,,,https://www.city.iwakuni.lg.jp/soshiki/24/35150.html,,,
352080,1200090,山口県岩国市,岩国市本郷ごみ処理場,イワクニシホンゴウゴミショリジョウ,,,,,,352080,,山口県岩国市本郷町波野951,山口県,岩国市本郷町波野951,,,,34.248016,132.022415,,,0827-75-2049,,,,,,1.00002E+12,岩国市,月火水木金,9:00:00,16:00:00,一部の祝日や12/31から1/3は利用不可。,,,,,,,,,,,,,,,,,,,https://www.city.iwakuni.lg.jp/soshiki/24/35150.html,,,
352080,1200091,山口県岩国市,サンライズクリーンセンター,サンライズクリーンセンター,,,,,,352080,,山口県岩国市日の出町2-75,山口県,岩国市日の出町2-75,,,,34.169131,132.247814,,,0827-23-5389,,,,,,1.00002E+12,岩国市,月火水木金土,8:30:00,16:30:00,土曜日は8:30から11:45まで。一部の祝日や12/31から1/3は利用不可。,,,,,,,,,,,,,,,,,,,https://www.city.iwakuni.lg.jp/soshiki/24/35150.html,,,
,,,,,,,,,,,,,,,,,,,,,,,,,,,,,,,,,,,,,,,,,,,,,,,,,,,,,,,
,,,,,,,,,,,,,,,,,,,,,,,,,,,,,,,,,,,,,,,,,,,,,,,,,,,,,,,
,,,,,,,,,,,,,,,,,,,,,,,,,,,,,,,,,,,,,,,,,,,,,,,,,,,,,,,
